pipeline,user_input,faithfulness,llm_context_precision_without_reference,context_recall,answer_relevancy,latency_seconds,retrieved_contexts,response,reference
Traditional RAG,What was the total revenue reported by the company?,,,,,3.46500249998644,"['Appendix A. CSF Core ....................................................................................................................... 15\nAppendix B. CSF Tiers ....................................................................................................................... 24\nAppendix C. Glossary ....................................................................................................................... 26\nList of Figures\nFig. 1. CSF Core structure ....................................................................................................................3\nFig. 2. CSF Functions ...........................................................................................................................5\nFig. 3. Steps for creating and using a CSF Organizational Profile ...........................................................6\nFig. 4. CSF Tiers for cybersecurity risk governance and management ...................................................8', 'Appendix A. CSF Core ....................................................................................................................... 15\nAppendix B. CSF Tiers ....................................................................................................................... 24\nAppendix C. Glossary ....................................................................................................................... 26\nList of Figures\nFig. 1. CSF Core structure ....................................................................................................................3\nFig. 2. CSF Functions ...........................................................................................................................5\nFig. 3. Steps for creating and using a CSF Organizational Profile ...........................................................6\nFig. 4. CSF Tiers for cybersecurity risk governance and management ...................................................8', 'communication.\n• RECOVER (RC) — Assets and operations affected by a cybersecurity incident are restored.\nRECOVER supports the timely restoration of normal operations to reduce the effects of\ncybersecurity incidents and enable appropriate communication during recovery efforts.\nWhile many cybersecurity risk management activities focus on preventing negative events\nfrom occurring, they may also support taking advantage of positive opportunities. Actions to\nreduce cybersecurity risk might benefit an organization in other ways, like increasing\nrevenue (e.g., first offering excess facility space to a commercial hosting provider for hosting\ntheir own and other organizations’ data centers, then moving a major financial system from\nthe organization’s in-house data center to the hosting provider to reduce cybersecurity\nrisks).\nFigure 2 shows the CSF Functions as a wheel because all of the Functions relate to one another.', 'communication.\n• RECOVER (RC) — Assets and operations affected by a cybersecurity incident are restored.\nRECOVER supports the timely restoration of normal operations to reduce the effects of\ncybersecurity incidents and enable appropriate communication during recovery efforts.\nWhile many cybersecurity risk management activities focus on preventing negative events\nfrom occurring, they may also support taking advantage of positive opportunities. Actions to\nreduce cybersecurity risk might benefit an organization in other ways, like increasing\nrevenue (e.g., first offering excess facility space to a commercial hosting provider for hosting\ntheir own and other organizations’ data centers, then moving a major financial system from\nthe organization’s in-house data center to the hosting provider to reduce cybersecurity\nrisks).\nFigure 2 shows the CSF Functions as a wheel because all of the Functions relate to one another.', 'Govern (GV) Organizational Context GV.OC\nRisk Management Strategy GV.RM\nRoles, Responsibilities, and Authorities GV.RR\nPolicy GV.PO\nOversight GV.OV\nCybersecurity Supply Chain Risk Management GV.SC\nIdentify (ID) Asset Management ID.AM\nRisk Assessment ID.RA\nImprovement ID.IM\nProtect (PR) Identity Management, Authentication, and Access Control PR.AA\nAwareness and Training PR.AT\nData Security PR.DS\nPlatform Security PR.PS\nTechnology Infrastructure Resilience PR.IR\nDetect (DE) Continuous Monitoring DE.CM\nAdverse Event Analysis DE.AE\nRespond (RS) Incident Management RS.MA\nIncident Analysis RS.AN\nIncident Response Reporting and Communication RS.CO\nIncident Mitigation RS.MI\nRecover (RC) Incident Recovery Plan Execution RC.RP\nIncident Recovery Communication RC.CO\nThe CSF Core, Informative References, and Implementation Examples are available on the CSF\n2.0 website and through the CSF 2.0 Reference Tool, which allows users to explore them and']",I could not find a relevant answer in the provided context.,The answer should cite a specific revenue figure from the document.
Traditional RAG,What are the primary risk factors mentioned in the filing?,,,0.0,,5.484875900001498,"['NIST CSWP 29 The NIST Cybersecurity Framework (CSF) 2.0\nFebruary 26, 2024\non C-SCRM. SP 800-161r1 (Revision 1), Cybersecurity Supply Chain Risk Management\nPractices for Systems and Organizations, provides in-depth information on C-SCRM.\n• Risks from emerging technologies: As new technologies and new applications of\ntechnology become available, new risks become clear. A contemporary example is\nartificial intelligence (AI), which has cybersecurity and privacy risks, as well as many\nother types of risk. The NIST Artificial Intelligence Risk Management Framework (AI\nRMF) was developed to help address these risks. Treating AI risks alongside other\nenterprise risks (e.g., financial, cybersecurity, reputational, and privacy) will yield a more\nintegrated outcome and organizational efficiencies. Cybersecurity and privacy risk\nmanagement considerations and approaches are applicable to the design, development,\ndeployment, evaluation, and use of AI systems. The AI RMF Core uses Functions,', 'NIST CSWP 29 The NIST Cybersecurity Framework (CSF) 2.0\nFebruary 26, 2024\non C-SCRM. SP 800-161r1 (Revision 1), Cybersecurity Supply Chain Risk Management\nPractices for Systems and Organizations, provides in-depth information on C-SCRM.\n• Risks from emerging technologies: As new technologies and new applications of\ntechnology become available, new risks become clear. A contemporary example is\nartificial intelligence (AI), which has cybersecurity and privacy risks, as well as many\nother types of risk. The NIST Artificial Intelligence Risk Management Framework (AI\nRMF) was developed to help address these risks. Treating AI risks alongside other\nenterprise risks (e.g., financial, cybersecurity, reputational, and privacy) will yield a more\nintegrated outcome and organizational efficiencies. Cybersecurity and privacy risk\nmanagement considerations and approaches are applicable to the design, development,\ndeployment, evaluation, and use of AI systems. The AI RMF Core uses Functions,', 'enterprise, including those that are financial, privacy, supply chain, reputational, technological,\nor physical in nature.\nThe CSF describes desired outcomes that are intended to be understood by a broad audience,\nincluding executives, managers, and practitioners, regardless of their cybersecurity expertise.\nBecause these outcomes are sector-, country-, and technology-neutral, they provide an\norganization with the flexibility needed to address their unique risks, technologies, and mission\nconsiderations. Outcomes are mapped directly to a list of potential security controls for\nimmediate consideration to mitigate cybersecurity risks.\nAlthough not prescriptive, the CSF assists its users in learning about and selecting specific\noutcomes. Suggestions for how specific outcomes may be achieved are provided in an\nexpanding suite of online resources that complement the CSF, including a series of Quick Start', 'enterprise, including those that are financial, privacy, supply chain, reputational, technological,\nor physical in nature.\nThe CSF describes desired outcomes that are intended to be understood by a broad audience,\nincluding executives, managers, and practitioners, regardless of their cybersecurity expertise.\nBecause these outcomes are sector-, country-, and technology-neutral, they provide an\norganization with the flexibility needed to address their unique risks, technologies, and mission\nconsiderations. Outcomes are mapped directly to a list of potential security controls for\nimmediate consideration to mitigate cybersecurity risks.\nAlthough not prescriptive, the CSF assists its users in learning about and selecting specific\noutcomes. Suggestions for how specific outcomes may be achieved are provided in an\nexpanding suite of online resources that complement the CSF, including a series of Quick Start', 'NIST CSWP 29 The NIST Cybersecurity Framework (CSF) 2.0\nFebruary 26, 2024\nFig. 6. Cybersecurity and privacy risk relationship\nCybersecurity risk management is essential for addressing privacy risks related to the\nloss of the confidentiality, integrity, and availability of individuals’ data. For example,\ndata breaches could lead to identity theft. However, privacy risks can also arise by\nmeans that are unrelated to cybersecurity incidents.\nAn organization processes data to achieve mission or business purposes, which can\nsometimes give rise to privacy events whereby individuals may experience problems as\na result of the data processing. These problems can be expressed in various ways, but\nNIST describes them as ranging from dignity-type effects (e.g., embarrassment or\nstigma) to more tangible harms (e.g., discrimination, economic loss, or physical harm).\nThe NIST Privacy Framework and Cybersecurity Framework can be used together to']","The primary risk factors mentioned in the filing are:
*   Risks from emerging technologies (e.g., artificial intelligence)
*   Cybersecurity risks
*   Privacy risks
*   Financial risks
*   Reputational risks
*   Supply chain risks
*   Technological risks
*   Physical risks",The answer should list specific risk factors from the document's risk section.
Traditional RAG,How does the company describe its competitive landscape?,,,,,3.1976723999832757,"['developers, system integrators, external system service providers, and other\ntechnology-related service providers) that interact to research, develop, design,\nmanufacture, acquire, deliver, integrate, operate, maintain, dispose of, and otherwise\nutilize or manage technology products and services. These interactions are shaped and\ninfluenced by technologies, laws, policies, procedures, and practices.\nGiven the complex and interconnected relationships in this ecosystem, supply chain risk\nmanagement (SCRM) is critical for organizations. Cybersecurity SCRM (C-SCRM) is a\nsystematic process for managing exposure to cybersecurity risk throughout supply\nchains and developing appropriate response strategies, policies, processes, and\nprocedures. The Subcategories within the CSF C-SCRM Category [GV.SC] provide a\nconnection between outcomes that focus purely on cybersecurity and those that focus\n13', 'developers, system integrators, external system service providers, and other\ntechnology-related service providers) that interact to research, develop, design,\nmanufacture, acquire, deliver, integrate, operate, maintain, dispose of, and otherwise\nutilize or manage technology products and services. These interactions are shaped and\ninfluenced by technologies, laws, policies, procedures, and practices.\nGiven the complex and interconnected relationships in this ecosystem, supply chain risk\nmanagement (SCRM) is critical for organizations. Cybersecurity SCRM (C-SCRM) is a\nsystematic process for managing exposure to cybersecurity risk throughout supply\nchains and developing appropriate response strategies, policies, processes, and\nprocedures. The Subcategories within the CSF C-SCRM Category [GV.SC] provide a\nconnection between outcomes that focus purely on cybersecurity and those that focus\n13', 'NIST CSWP 29 The NIST Cybersecurity Framework (CSF) 2.0\nFebruary 26, 2024\nAppendix B. CSF Tiers\nTable 2 contains a notional illustration of the CSF Tiers discussed in Sec. 3. The Tiers\ncharacterize the rigor of an organization’s cybersecurity risk governance practices (GOVERN) and\ncybersecurity risk management practices (IDENTIFY, PROTECT, DETECT, RESPOND, and RECOVER).\nTable 2. Notional Illustration of the CSF Tiers\nTier Cybersecurity Risk Governance Cybersecurity Risk Management\nTier 1: Application of the organizational There is limited awareness of cybersecurity risks at the\nPartial cybersecurity risk strategy is managed organizational level.\nin an ad hoc manner.\nThe organization implements cybersecurity risk\nPrioritization is ad hoc and not management on an irregular, case-by-case basis.\nformally based on objectives or threat\nThe organization may not have processes that enable\nenvironment.\ncybersecurity information to be shared within the\norganization.', 'NIST CSWP 29 The NIST Cybersecurity Framework (CSF) 2.0\nFebruary 26, 2024\nAppendix B. CSF Tiers\nTable 2 contains a notional illustration of the CSF Tiers discussed in Sec. 3. The Tiers\ncharacterize the rigor of an organization’s cybersecurity risk governance practices (GOVERN) and\ncybersecurity risk management practices (IDENTIFY, PROTECT, DETECT, RESPOND, and RECOVER).\nTable 2. Notional Illustration of the CSF Tiers\nTier Cybersecurity Risk Governance Cybersecurity Risk Management\nTier 1: Application of the organizational There is limited awareness of cybersecurity risks at the\nPartial cybersecurity risk strategy is managed organizational level.\nin an ad hoc manner.\nThe organization implements cybersecurity risk\nPrioritization is ad hoc and not management on an irregular, case-by-case basis.\nformally based on objectives or threat\nThe organization may not have processes that enable\nenvironment.\ncybersecurity information to be shared within the\norganization.', 'enterprise, including those that are financial, privacy, supply chain, reputational, technological,\nor physical in nature.\nThe CSF describes desired outcomes that are intended to be understood by a broad audience,\nincluding executives, managers, and practitioners, regardless of their cybersecurity expertise.\nBecause these outcomes are sector-, country-, and technology-neutral, they provide an\norganization with the flexibility needed to address their unique risks, technologies, and mission\nconsiderations. Outcomes are mapped directly to a list of potential security controls for\nimmediate consideration to mitigate cybersecurity risks.\nAlthough not prescriptive, the CSF assists its users in learning about and selecting specific\noutcomes. Suggestions for how specific outcomes may be achieved are provided in an\nexpanding suite of online resources that complement the CSF, including a series of Quick Start']",I could not find a relevant answer in the provided context.,The answer should reference competitors or market positioning from the document.
Traditional RAG,What cybersecurity measures or frameworks does the document reference?,,,,,6.311354800011031,"['NIST CSWP 29 The NIST Cybersecurity Framework (CSF) 2.0\nFebruary 26, 2024\nCertain commercial equipment, instruments, software, or materials, commercial or non-commercial, are identified\nin this paper in order to specify the experimental procedure adequately. Such identification does not imply\nrecommendation or endorsement of any product or service by NIST, nor does it imply that the materials or\nequipment identified are necessarily the best available for the purpose.\nNIST Technical Series Policies\nCopyright, Use, and Licensing Statements\nNIST Technical Series Publication Identifier Syntax\nHow to Cite this NIST Technical Series Publication:\nNational Institute of Standards and Technology (2024) The NIST Cybersecurity Framework (CSF) 2.0. (National\nInstitute of Standards and Technology, Gaithersburg, MD), NIST Cybersecurity White Paper (CSWP) NIST CSWP 29.\nhttps://doi.org/10.6028/NIST.CSWP.29\nContact Information\ncyberframework@nist.gov\nNational Institute of Standards and Technology', 'NIST CSWP 29 The NIST Cybersecurity Framework (CSF) 2.0\nFebruary 26, 2024\nCertain commercial equipment, instruments, software, or materials, commercial or non-commercial, are identified\nin this paper in order to specify the experimental procedure adequately. Such identification does not imply\nrecommendation or endorsement of any product or service by NIST, nor does it imply that the materials or\nequipment identified are necessarily the best available for the purpose.\nNIST Technical Series Policies\nCopyright, Use, and Licensing Statements\nNIST Technical Series Publication Identifier Syntax\nHow to Cite this NIST Technical Series Publication:\nNational Institute of Standards and Technology (2024) The NIST Cybersecurity Framework (CSF) 2.0. (National\nInstitute of Standards and Technology, Gaithersburg, MD), NIST Cybersecurity White Paper (CSWP) NIST CSWP 29.\nhttps://doi.org/10.6028/NIST.CSWP.29\nContact Information\ncyberframework@nist.gov\nNational Institute of Standards and Technology', 'NIST CSWP 29 The NIST Cybersecurity Framework (CSF) 2.0\nFebruary 26, 2024\nAbstract\nThe NIST Cybersecurity Framework (CSF) 2.0 provides guidance to industry, government\nagencies, and other organizations to manage cybersecurity risks. It offers a taxonomy of high-\nlevel cybersecurity outcomes that can be used by any organization — regardless of its size,\nsector, or maturity — to better understand, assess, prioritize, and communicate its\ncybersecurity efforts. The CSF does not prescribe how outcomes should be achieved. Rather, it\nlinks to online resources that provide additional guidance on practices and controls that could\nbe used to achieve those outcomes. This document describes CSF 2.0, its components, and\nsome of the many ways that it can be used.\nKeywords\ncybersecurity; Cybersecurity Framework (CSF); cybersecurity risk governance; cybersecurity risk\nmanagement; enterprise risk management; Profiles; Tiers.\nAudience', 'NIST CSWP 29 The NIST Cybersecurity Framework (CSF) 2.0\nFebruary 26, 2024\nAbstract\nThe NIST Cybersecurity Framework (CSF) 2.0 provides guidance to industry, government\nagencies, and other organizations to manage cybersecurity risks. It offers a taxonomy of high-\nlevel cybersecurity outcomes that can be used by any organization — regardless of its size,\nsector, or maturity — to better understand, assess, prioritize, and communicate its\ncybersecurity efforts. The CSF does not prescribe how outcomes should be achieved. Rather, it\nlinks to online resources that provide additional guidance on practices and controls that could\nbe used to achieve those outcomes. This document describes CSF 2.0, its components, and\nsome of the many ways that it can be used.\nKeywords\ncybersecurity; Cybersecurity Framework (CSF); cybersecurity risk governance; cybersecurity risk\nmanagement; enterprise risk management; Profiles; Tiers.\nAudience', 'The NIST Cybersecurity\nFramework (CSF) 2.0\nNational Institute of Standards and Technology\nThis publication is available free of charge from: https://doi.org/10.6028/NIST.CSWP.29\nFebruary 26, 2024']","The document itself is ""The NIST Cybersecurity Framework (CSF) 2.0"". It also states that it ""links to online resources that provide additional guidance on practices and controls that could be used to achieve those outcomes.""","The answer should mention specific security frameworks, standards, or practices."
Traditional RAG,What is the capital structure or funding strategy described?,,,,,3.5903542999876663,"['NIST CSWP 29 The NIST Cybersecurity Framework (CSF) 2.0\nFebruary 26, 2024\nAppendix B. CSF Tiers\nTable 2 contains a notional illustration of the CSF Tiers discussed in Sec. 3. The Tiers\ncharacterize the rigor of an organization’s cybersecurity risk governance practices (GOVERN) and\ncybersecurity risk management practices (IDENTIFY, PROTECT, DETECT, RESPOND, and RECOVER).\nTable 2. Notional Illustration of the CSF Tiers\nTier Cybersecurity Risk Governance Cybersecurity Risk Management\nTier 1: Application of the organizational There is limited awareness of cybersecurity risks at the\nPartial cybersecurity risk strategy is managed organizational level.\nin an ad hoc manner.\nThe organization implements cybersecurity risk\nPrioritization is ad hoc and not management on an irregular, case-by-case basis.\nformally based on objectives or threat\nThe organization may not have processes that enable\nenvironment.\ncybersecurity information to be shared within the\norganization.', 'NIST CSWP 29 The NIST Cybersecurity Framework (CSF) 2.0\nFebruary 26, 2024\nAppendix B. CSF Tiers\nTable 2 contains a notional illustration of the CSF Tiers discussed in Sec. 3. The Tiers\ncharacterize the rigor of an organization’s cybersecurity risk governance practices (GOVERN) and\ncybersecurity risk management practices (IDENTIFY, PROTECT, DETECT, RESPOND, and RECOVER).\nTable 2. Notional Illustration of the CSF Tiers\nTier Cybersecurity Risk Governance Cybersecurity Risk Management\nTier 1: Application of the organizational There is limited awareness of cybersecurity risks at the\nPartial cybersecurity risk strategy is managed organizational level.\nin an ad hoc manner.\nThe organization implements cybersecurity risk\nPrioritization is ad hoc and not management on an irregular, case-by-case basis.\nformally based on objectives or threat\nThe organization may not have processes that enable\nenvironment.\ncybersecurity information to be shared within the\norganization.', 'organization with the flexibility needed to address its unique risks, technologies, and\nmission considerations.\n• CSF Organizational Profiles, which are a mechanism for describing an organization’s\ncurrent and/or target cybersecurity posture in terms of the CSF Core’s outcomes.\n• CSF Tiers, which can be applied to CSF Organizational Profiles to characterize the rigor of\nan organization’s cybersecurity risk governance and management practices. Tiers can\nalso provide context for how an organization views cybersecurity risks and the processes\nin place to manage those risks.\nThis document describes what desirable outcomes an organization can aspire to achieve. It\ndoes not prescribe outcomes nor how they may be achieved. Descriptions of how an\norganization can achieve those outcomes are provided in a suite of online resources that\ncomplement the CSF and are available through the NIST CSF website. These resources offer', 'organization with the flexibility needed to address its unique risks, technologies, and\nmission considerations.\n• CSF Organizational Profiles, which are a mechanism for describing an organization’s\ncurrent and/or target cybersecurity posture in terms of the CSF Core’s outcomes.\n• CSF Tiers, which can be applied to CSF Organizational Profiles to characterize the rigor of\nan organization’s cybersecurity risk governance and management practices. Tiers can\nalso provide context for how an organization views cybersecurity risks and the processes\nin place to manage those risks.\nThis document describes what desirable outcomes an organization can aspire to achieve. It\ndoes not prescribe outcomes nor how they may be achieved. Descriptions of how an\norganization can achieve those outcomes are provided in a suite of online resources that\ncomplement the CSF and are available through the NIST CSF website. These resources offer', 'organizational risks. The organizational\nproducts and services it acquires and uses.\nbudget is based on an understanding\nCybersecurity information is constantly shared\nof the current and predicted risk\nthroughout the organization and with authorized third\nenvironment and risk tolerance.\nparties.\nBusiness units implement executive\nvision and analyze system-level risks in\nthe context of the organizational risk\ntolerances.\nCybersecurity risk management is part\nof the organizational culture. It\nevolves from an awareness of previous\nactivities and continuous awareness of\nactivities on organizational systems\nand networks. The organization can\nquickly and efficiently account for\nchanges to business/mission\nobjectives in how risk is approached\nand communicated.\n25']",I could not find a relevant answer in the provided context.,"The answer should discuss equity, debt, or capital allocation from the document."
PageIndex,What was the total revenue reported by the company?,,,,,46.114007299998775,"[""Herman Melville - Moby-Dick\nAvailing himself of the mild, summer-cool weather that now reigned in these latitudes, and in preparation for the peculiarly active pursuits shortly to be anticipated, Perth, the begrimed, blistered old blacksmith, had not removed his portable forge to the hold again, after concluding his contributory work for Ahab's leg, but still retained it on deck, fast lashed to ringbolts by the foremast; being now almost incessantly invoked by the headsmen, and harpooneers, and bowsmen to do some little job for them; altering, or repairing, or new shaping their various weapons and boat furniture. Often he would be surrounded by an eager circle, all waiting to be served; holding boat-spades, pike-heads, harpoons, and lances, and jealously watching his every sooty movement, as he toiled. Nevertheless, this old man's was a patient hammer wielded by a patient arm. No murmur, no impatience, no petulance did come from him. Silent, slow, and solemn; bowing over still further his chronically broken back, he toiled away, as if toil were life itself, and the heavy beating of his hammer the heavy beating of his heart. And so it was.—Most miserable! A peculiar walk in this old man, a certain slight but painful appearing yawing in his gait, had at an early period of the voyage excited the curiosity of the mariners. And to the importunity of their persisted questionings he had finally given in; and so it came to pass that every one now knew the shameful story of his wretched fate. Belated, and not innocently, one bitter winter's midnight, on the road running between two country towns, the blacksmith half-stupidly felt the deadly numbness stealing over him, and sought refuge in a leaning, dilapidated barn. The issue was, the loss of the extremities of both feet. Out of this revelation, part by part, at last came out the four acts of the gladness, and the one long, and as yet uncatastrophied fifth act of the grief of his life's drama. He was an old man, who, at the age of nearly sixty, had postponedly encountered that thing in sorrow's technicals called ruin. He had been an artisan of famed excellence, and with plenty to do; owned a house and garden; embraced a youthful, daughter-like, loving wife, and three blithe, ruddy children; every Sunday went to a cheerful-looking church, planted in a grove. But one night, under cover of darkness, and further concealed in a most cunning disguisement, a desperate burglar slid into his happy home, and robbed them all of everything. And darker yet to tell, the blacksmith himself did ignorantly conduct this burglar into his family's heart. It was the Bottle Conjuror! Upon the opening of that fatal cork, forth flew the fiend, and shrivelled up his home. Now, for prudent, most wise, and economic reasons, the blacksmith's shop was in the basement of his dwelling, but with a separate entrance to it; so that always had the young and loving healthy wife listened with no unhappy nervousness, but with vigorous pleasure, to the stout ringing of her young-armed old husband's hammer; whose reverberations, muffled by passing through the floors and walls, came up to her, not unsweetly, in her nursery; and so, to stout Labor's iron lullaby, the blacksmith's infants were rocked to slumber. Oh, woe on woe! Oh, Death, why canst thou not sometimes be timely? Hadst thou taken this old blacksmith to thyself ere his full ruin came upon him, then had the young widow had a delicious grief, and her orphans a truly venerable, legendary sire to dream of in their after years; and all of them a care-killing competency.""]",I could not find a relevant answer in the provided context.,The answer should cite a specific revenue figure from the document.
PageIndex,What are the primary risk factors mentioned in the filing?,,,,,3.5283023999945726,"[""Herman Melville - Moby-Dick\nAvailing himself of the mild, summer-cool weather that now reigned in these latitudes, and in preparation for the peculiarly active pursuits shortly to be anticipated, Perth, the begrimed, blistered old blacksmith, had not removed his portable forge to the hold again, after concluding his contributory work for Ahab's leg, but still retained it on deck, fast lashed to ringbolts by the foremast; being now almost incessantly invoked by the headsmen, and harpooneers, and bowsmen to do some little job for them; altering, or repairing, or new shaping their various weapons and boat furniture. Often he would be surrounded by an eager circle, all waiting to be served; holding boat-spades, pike-heads, harpoons, and lances, and jealously watching his every sooty movement, as he toiled. Nevertheless, this old man's was a patient hammer wielded by a patient arm. No murmur, no impatience, no petulance did come from him. Silent, slow, and solemn; bowing over still further his chronically broken back, he toiled away, as if toil were life itself, and the heavy beating of his hammer the heavy beating of his heart. And so it was.—Most miserable! A peculiar walk in this old man, a certain slight but painful appearing yawing in his gait, had at an early period of the voyage excited the curiosity of the mariners. And to the importunity of their persisted questionings he had finally given in; and so it came to pass that every one now knew the shameful story of his wretched fate. Belated, and not innocently, one bitter winter's midnight, on the road running between two country towns, the blacksmith half-stupidly felt the deadly numbness stealing over him, and sought refuge in a leaning, dilapidated barn. The issue was, the loss of the extremities of both feet. Out of this revelation, part by part, at last came out the four acts of the gladness, and the one long, and as yet uncatastrophied fifth act of the grief of his life's drama. He was an old man, who, at the age of nearly sixty, had postponedly encountered that thing in sorrow's technicals called ruin. He had been an artisan of famed excellence, and with plenty to do; owned a house and garden; embraced a youthful, daughter-like, loving wife, and three blithe, ruddy children; every Sunday went to a cheerful-looking church, planted in a grove. But one night, under cover of darkness, and further concealed in a most cunning disguisement, a desperate burglar slid into his happy home, and robbed them all of everything. And darker yet to tell, the blacksmith himself did ignorantly conduct this burglar into his family's heart. It was the Bottle Conjuror! Upon the opening of that fatal cork, forth flew the fiend, and shrivelled up his home. Now, for prudent, most wise, and economic reasons, the blacksmith's shop was in the basement of his dwelling, but with a separate entrance to it; so that always had the young and loving healthy wife listened with no unhappy nervousness, but with vigorous pleasure, to the stout ringing of her young-armed old husband's hammer; whose reverberations, muffled by passing through the floors and walls, came up to her, not unsweetly, in her nursery; and so, to stout Labor's iron lullaby, the blacksmith's infants were rocked to slumber. Oh, woe on woe! Oh, Death, why canst thou not sometimes be timely? Hadst thou taken this old blacksmith to thyself ere his full ruin came upon him, then had the young widow had a delicious grief, and her orphans a truly venerable, legendary sire to dream of in their after years; and all of them a care-killing competency.""]",I could not find a relevant answer in the provided context.,The answer should list specific risk factors from the document's risk section.
PageIndex,How does the company describe its competitive landscape?,,,,,7.2482325000164565,"[""Herman Melville - Moby-Dick\nAvailing himself of the mild, summer-cool weather that now reigned in these latitudes, and in preparation for the peculiarly active pursuits shortly to be anticipated, Perth, the begrimed, blistered old blacksmith, had not removed his portable forge to the hold again, after concluding his contributory work for Ahab's leg, but still retained it on deck, fast lashed to ringbolts by the foremast; being now almost incessantly invoked by the headsmen, and harpooneers, and bowsmen to do some little job for them; altering, or repairing, or new shaping their various weapons and boat furniture. Often he would be surrounded by an eager circle, all waiting to be served; holding boat-spades, pike-heads, harpoons, and lances, and jealously watching his every sooty movement, as he toiled. Nevertheless, this old man's was a patient hammer wielded by a patient arm. No murmur, no impatience, no petulance did come from him. Silent, slow, and solemn; bowing over still further his chronically broken back, he toiled away, as if toil were life itself, and the heavy beating of his hammer the heavy beating of his heart. And so it was.—Most miserable! A peculiar walk in this old man, a certain slight but painful appearing yawing in his gait, had at an early period of the voyage excited the curiosity of the mariners. And to the importunity of their persisted questionings he had finally given in; and so it came to pass that every one now knew the shameful story of his wretched fate. Belated, and not innocently, one bitter winter's midnight, on the road running between two country towns, the blacksmith half-stupidly felt the deadly numbness stealing over him, and sought refuge in a leaning, dilapidated barn. The issue was, the loss of the extremities of both feet. Out of this revelation, part by part, at last came out the four acts of the gladness, and the one long, and as yet uncatastrophied fifth act of the grief of his life's drama. He was an old man, who, at the age of nearly sixty, had postponedly encountered that thing in sorrow's technicals called ruin. He had been an artisan of famed excellence, and with plenty to do; owned a house and garden; embraced a youthful, daughter-like, loving wife, and three blithe, ruddy children; every Sunday went to a cheerful-looking church, planted in a grove. But one night, under cover of darkness, and further concealed in a most cunning disguisement, a desperate burglar slid into his happy home, and robbed them all of everything. And darker yet to tell, the blacksmith himself did ignorantly conduct this burglar into his family's heart. It was the Bottle Conjuror! Upon the opening of that fatal cork, forth flew the fiend, and shrivelled up his home. Now, for prudent, most wise, and economic reasons, the blacksmith's shop was in the basement of his dwelling, but with a separate entrance to it; so that always had the young and loving healthy wife listened with no unhappy nervousness, but with vigorous pleasure, to the stout ringing of her young-armed old husband's hammer; whose reverberations, muffled by passing through the floors and walls, came up to her, not unsweetly, in her nursery; and so, to stout Labor's iron lullaby, the blacksmith's infants were rocked to slumber. Oh, woe on woe! Oh, Death, why canst thou not sometimes be timely? Hadst thou taken this old blacksmith to thyself ere his full ruin came upon him, then had the young widow had a delicious grief, and her orphans a truly venerable, legendary sire to dream of in their after years; and all of them a care-killing competency.""]",I could not find a relevant answer in the provided context.,The answer should reference competitors or market positioning from the document.
PageIndex,What cybersecurity measures or frameworks does the document reference?,,,,,45.051765399985015,"[""Herman Melville - Moby-Dick\nAvailing himself of the mild, summer-cool weather that now reigned in these latitudes, and in preparation for the peculiarly active pursuits shortly to be anticipated, Perth, the begrimed, blistered old blacksmith, had not removed his portable forge to the hold again, after concluding his contributory work for Ahab's leg, but still retained it on deck, fast lashed to ringbolts by the foremast; being now almost incessantly invoked by the headsmen, and harpooneers, and bowsmen to do some little job for them; altering, or repairing, or new shaping their various weapons and boat furniture. Often he would be surrounded by an eager circle, all waiting to be served; holding boat-spades, pike-heads, harpoons, and lances, and jealously watching his every sooty movement, as he toiled. Nevertheless, this old man's was a patient hammer wielded by a patient arm. No murmur, no impatience, no petulance did come from him. Silent, slow, and solemn; bowing over still further his chronically broken back, he toiled away, as if toil were life itself, and the heavy beating of his hammer the heavy beating of his heart. And so it was.—Most miserable! A peculiar walk in this old man, a certain slight but painful appearing yawing in his gait, had at an early period of the voyage excited the curiosity of the mariners. And to the importunity of their persisted questionings he had finally given in; and so it came to pass that every one now knew the shameful story of his wretched fate. Belated, and not innocently, one bitter winter's midnight, on the road running between two country towns, the blacksmith half-stupidly felt the deadly numbness stealing over him, and sought refuge in a leaning, dilapidated barn. The issue was, the loss of the extremities of both feet. Out of this revelation, part by part, at last came out the four acts of the gladness, and the one long, and as yet uncatastrophied fifth act of the grief of his life's drama. He was an old man, who, at the age of nearly sixty, had postponedly encountered that thing in sorrow's technicals called ruin. He had been an artisan of famed excellence, and with plenty to do; owned a house and garden; embraced a youthful, daughter-like, loving wife, and three blithe, ruddy children; every Sunday went to a cheerful-looking church, planted in a grove. But one night, under cover of darkness, and further concealed in a most cunning disguisement, a desperate burglar slid into his happy home, and robbed them all of everything. And darker yet to tell, the blacksmith himself did ignorantly conduct this burglar into his family's heart. It was the Bottle Conjuror! Upon the opening of that fatal cork, forth flew the fiend, and shrivelled up his home. Now, for prudent, most wise, and economic reasons, the blacksmith's shop was in the basement of his dwelling, but with a separate entrance to it; so that always had the young and loving healthy wife listened with no unhappy nervousness, but with vigorous pleasure, to the stout ringing of her young-armed old husband's hammer; whose reverberations, muffled by passing through the floors and walls, came up to her, not unsweetly, in her nursery; and so, to stout Labor's iron lullaby, the blacksmith's infants were rocked to slumber. Oh, woe on woe! Oh, Death, why canst thou not sometimes be timely? Hadst thou taken this old blacksmith to thyself ere his full ruin came upon him, then had the young widow had a delicious grief, and her orphans a truly venerable, legendary sire to dream of in their after years; and all of them a care-killing competency.""]",I could not find a relevant answer in the provided context.,"The answer should mention specific security frameworks, standards, or practices."
PageIndex,What is the capital structure or funding strategy described?,,,,,13.413421800010838,"[""Herman Melville - Moby-Dick\nAvailing himself of the mild, summer-cool weather that now reigned in these latitudes, and in preparation for the peculiarly active pursuits shortly to be anticipated, Perth, the begrimed, blistered old blacksmith, had not removed his portable forge to the hold again, after concluding his contributory work for Ahab's leg, but still retained it on deck, fast lashed to ringbolts by the foremast; being now almost incessantly invoked by the headsmen, and harpooneers, and bowsmen to do some little job for them; altering, or repairing, or new shaping their various weapons and boat furniture. Often he would be surrounded by an eager circle, all waiting to be served; holding boat-spades, pike-heads, harpoons, and lances, and jealously watching his every sooty movement, as he toiled. Nevertheless, this old man's was a patient hammer wielded by a patient arm. No murmur, no impatience, no petulance did come from him. Silent, slow, and solemn; bowing over still further his chronically broken back, he toiled away, as if toil were life itself, and the heavy beating of his hammer the heavy beating of his heart. And so it was.—Most miserable! A peculiar walk in this old man, a certain slight but painful appearing yawing in his gait, had at an early period of the voyage excited the curiosity of the mariners. And to the importunity of their persisted questionings he had finally given in; and so it came to pass that every one now knew the shameful story of his wretched fate. Belated, and not innocently, one bitter winter's midnight, on the road running between two country towns, the blacksmith half-stupidly felt the deadly numbness stealing over him, and sought refuge in a leaning, dilapidated barn. The issue was, the loss of the extremities of both feet. Out of this revelation, part by part, at last came out the four acts of the gladness, and the one long, and as yet uncatastrophied fifth act of the grief of his life's drama. He was an old man, who, at the age of nearly sixty, had postponedly encountered that thing in sorrow's technicals called ruin. He had been an artisan of famed excellence, and with plenty to do; owned a house and garden; embraced a youthful, daughter-like, loving wife, and three blithe, ruddy children; every Sunday went to a cheerful-looking church, planted in a grove. But one night, under cover of darkness, and further concealed in a most cunning disguisement, a desperate burglar slid into his happy home, and robbed them all of everything. And darker yet to tell, the blacksmith himself did ignorantly conduct this burglar into his family's heart. It was the Bottle Conjuror! Upon the opening of that fatal cork, forth flew the fiend, and shrivelled up his home. Now, for prudent, most wise, and economic reasons, the blacksmith's shop was in the basement of his dwelling, but with a separate entrance to it; so that always had the young and loving healthy wife listened with no unhappy nervousness, but with vigorous pleasure, to the stout ringing of her young-armed old husband's hammer; whose reverberations, muffled by passing through the floors and walls, came up to her, not unsweetly, in her nursery; and so, to stout Labor's iron lullaby, the blacksmith's infants were rocked to slumber. Oh, woe on woe! Oh, Death, why canst thou not sometimes be timely? Hadst thou taken this old blacksmith to thyself ere his full ruin came upon him, then had the young widow had a delicious grief, and her orphans a truly venerable, legendary sire to dream of in their after years; and all of them a care-killing competency.""]",I could not find a relevant answer in the provided context.,"The answer should discuss equity, debt, or capital allocation from the document."
